pattern,support,gain
doordie_unknown_U.P._Yoddha_vs_U_Mumba_none_early_zero||doordie_unknown_U.P._Yoddha_vs_U_Mumba_none_early_zero,3,2.0
doordie_unknown_U.P._Yoddha_vs_U_Mumba_none_early_zero||bonus_success_U.P._Yoddha_vs_U_Mumba_raider_early_zero,1,0.0
bonus_success_U.P._Yoddha_vs_U_Mumba_raider_early_zero||empty_unknown_U.P._Yoddha_vs_U_Mumba_none_early_zero,1,0.0
empty_unknown_U.P._Yoddha_vs_U_Mumba_none_early_zero||doordie_unknown_U.P._Yoddha_vs_U_Mumba_none_early_zero,1,0.0
doordie_unknown_U.P._Yoddha_vs_U_Mumba_none_early_zero,6,-1.0
empty_unknown_U.P._Yoddha_vs_U_Mumba_none_early_zero,2,-1.0
bonus_success_U.P._Yoddha_vs_U_Mumba_raider_early_zero,1,-1.0
regular_success_U.P._Yoddha_vs_U_Mumba_none_early_single,1,-1.0
doordie_success_U.P._Yoddha_vs_U_Mumba_none_early_single,1,-1.0
regular_unknown_Bengaluru_Bulls_vs_U_Mumba_none_early_zero,1,-1.0
