pattern,support,gain
doordie_success_Telugu_Titans_vs_U.P._Yoddha_none_early_single||doordie_success_Telugu_Titans_vs_U.P._Yoddha_none_early_single,4,3.0
bonus_success_Telugu_Titans_vs_U.P._Yoddha_null_early_zero||doordie_unknown_Telugu_Titans_vs_U.P._Yoddha_none_early_zero,4,3.0
doordie_success_Telugu_Titans_vs_U.P._Yoddha_none_early_single||bonus_success_Telugu_Titans_vs_U.P._Yoddha_null_early_zero,3,2.0
doordie_unknown_Telugu_Titans_vs_U.P._Yoddha_none_early_zero||doordie_unknown_Telugu_Titans_vs_U.P._Yoddha_none_early_zero,3,2.0
doordie_success_Telugu_Titans_vs_U.P._Yoddha_none_early_high||doordie_unknown_Telugu_Titans_vs_U.P._Yoddha_none_early_zero,2,1.0
doordie_unknown_Telugu_Titans_vs_U.P._Yoddha_none_early_zero||bonus_success_Telugu_Titans_vs_U.P._Yoddha_null_early_zero,2,1.0
doordie_success_Telugu_Titans_vs_U.P._Yoddha_none_early_single,10,-1.0
doordie_unknown_Telugu_Titans_vs_U.P._Yoddha_none_early_zero,10,-1.0
bonus_success_Telugu_Titans_vs_U.P._Yoddha_null_early_zero,6,-1.0
doordie_success_Telugu_Titans_vs_U.P._Yoddha_none_early_high,2,-1.0
