pattern,support,gain
doordie_unknown_Bengaluru_Bulls_vs_Dabang_Delhi_K.C._none_early_zero||doordie_unknown_Bengaluru_Bulls_vs_Dabang_Delhi_K.C._none_early_zero||doordie_unknown_Bengaluru_Bulls_vs_Dabang_Delhi_K.C._none_early_zero||doordie_unknown_Bengaluru_Bulls_vs_Dabang_Delhi_K.C._none_early_zero,4,11.0
doordie_unknown_Bengaluru_Bulls_vs_Dabang_Delhi_K.C._none_early_zero||doordie_unknown_Bengaluru_Bulls_vs_Dabang_Delhi_K.C._none_early_zero||doordie_unknown_Bengaluru_Bulls_vs_Dabang_Delhi_K.C._none_early_zero,5,9.0
doordie_unknown_Bengaluru_Bulls_vs_Dabang_Delhi_K.C._none_early_zero||doordie_unknown_Bengaluru_Bulls_vs_Dabang_Delhi_K.C._none_early_zero,6,5.0
bonus_success_Bengaluru_Bulls_vs_Dabang_Delhi_K.C._unknown_early_zero||bonus_success_Bengaluru_Bulls_vs_Dabang_Delhi_K.C._unknown_early_zero||doordie_success_Bengaluru_Bulls_vs_Dabang_Delhi_K.C._none_early_single,1,1.0
bonus_success_Bengaluru_Bulls_vs_Dabang_Delhi_K.C._unknown_early_zero||bonus_success_Bengaluru_Bulls_vs_Dabang_Delhi_K.C._unknown_early_zero,1,0.0
bonus_success_Bengaluru_Bulls_vs_Dabang_Delhi_K.C._unknown_early_zero||doordie_success_Bengaluru_Bulls_vs_Dabang_Delhi_K.C._none_early_single,1,0.0
doordie_success_Bengaluru_Bulls_vs_Dabang_Delhi_K.C._none_early_single||doordie_unknown_Bengaluru_Bulls_vs_Dabang_Delhi_K.C._none_early_zero,1,0.0
doordie_unknown_Bengaluru_Bulls_vs_Dabang_Delhi_K.C._none_early_zero,7,-1.0
bonus_success_Bengaluru_Bulls_vs_Dabang_Delhi_K.C._unknown_early_zero,2,-1.0
doordie_success_Bengaluru_Bulls_vs_Dabang_Delhi_K.C._none_early_single,1,-1.0
