pattern,support,gain
regular_success_nan_vs_Jaipur_Pink_Panthers_none_early_single||regular_success_nan_vs_Jaipur_Pink_Panthers_none_early_single||regular_success_nan_vs_Jaipur_Pink_Panthers_none_early_single,4,7.0
regular_success_nan_vs_Jaipur_Pink_Panthers_none_early_single||regular_success_nan_vs_Jaipur_Pink_Panthers_none_early_single,7,6.0
regular_success_nan_vs_Jaipur_Pink_Panthers_none_early_single||bonus_success_nan_vs_Jaipur_Pink_Panthers_null_early_zero,2,1.0
bonus_success_nan_vs_Jaipur_Pink_Panthers_null_early_zero||regular_success_nan_vs_Jaipur_Pink_Panthers_none_early_single,2,1.0
regular_success_nan_vs_Jaipur_Pink_Panthers_none_early_single||bonus_success_nan_vs_Jaipur_Pink_Panthers_unknown_early_zero,2,1.0
regular_success_nan_vs_Jaipur_Pink_Panthers_none_early_single,12,-1.0
empty_unknown_nan_vs_Jaipur_Pink_Panthers_none_early_zero,5,-1.0
bonus_success_nan_vs_Jaipur_Pink_Panthers_unknown_early_zero,4,-1.0
bonus_success_nan_vs_Jaipur_Pink_Panthers_null_early_zero,3,-1.0
doordie_success_nan_vs_Jaipur_Pink_Panthers_none_early_single,3,-1.0
