pattern,support,gain
doordie_success_Bengal_Warriors_vs_Patna_Pirates_none_early_single||doordie_success_Bengal_Warriors_vs_Patna_Pirates_none_early_single,2,1.0
bonus_success_Bengal_Warriors_vs_Patna_Pirates_null_early_zero||bonus_success_Bengal_Warriors_vs_Patna_Pirates_unknown_early_zero,1,0.0
bonus_success_Bengal_Warriors_vs_Patna_Pirates_unknown_early_zero||doordie_success_Bengal_Warriors_vs_Patna_Pirates_none_early_single,1,0.0
doordie_success_Bengal_Warriors_vs_Patna_Pirates_none_early_single||doordie_unknown_Bengal_Warriors_vs_Patna_Pirates_none_early_zero,1,0.0
doordie_success_Bengal_Warriors_vs_Patna_Pirates_none_early_single,4,-1.0
bonus_success_Bengal_Warriors_vs_Patna_Pirates_unknown_early_zero,3,-1.0
bonus_success_Bengal_Warriors_vs_Patna_Pirates_null_early_zero,1,-1.0
doordie_unknown_Bengal_Warriors_vs_Patna_Pirates_none_early_zero,1,-1.0
doordie_success_Bengal_Warriors_vs_Patna_Pirates_none_early_high,1,-1.0
bonus_success_Bengal_Warriors_vs_Patna_Pirates_nan_early_zero,1,-1.0
