pattern,support,gain
empty_unknown_nan_vs_U_Mumba_none_early_zero||empty_unknown_nan_vs_U_Mumba_none_early_zero||empty_unknown_nan_vs_U_Mumba_none_early_zero,3,5.0
empty_unknown_nan_vs_U_Mumba_none_early_zero||empty_unknown_nan_vs_U_Mumba_none_early_zero,5,4.0
bonus_success_nan_vs_U_Mumba_unknown_early_zero||empty_unknown_nan_vs_U_Mumba_none_early_zero||empty_unknown_nan_vs_U_Mumba_none_early_zero,2,3.0
bonus_success_nan_vs_U_Mumba_unknown_early_zero||empty_unknown_nan_vs_U_Mumba_none_early_zero,2,1.0
empty_unknown_nan_vs_U_Mumba_none_early_zero||regular_success_nan_vs_U_Mumba_none_early_single,2,1.0
regular_success_nan_vs_U_Mumba_none_early_single||empty_unknown_nan_vs_U_Mumba_none_early_zero,2,1.0
empty_unknown_nan_vs_U_Mumba_none_early_zero||bonus_success_nan_vs_U_Mumba_unknown_early_zero,2,1.0
empty_unknown_nan_vs_U_Mumba_none_early_zero,10,-1.0
bonus_success_nan_vs_U_Mumba_unknown_early_zero,3,-1.0
regular_success_nan_vs_U_Mumba_none_early_single,3,-1.0
