pattern,support,gain
empty_unknown_nan_vs_U_Mumba_none_early_zero||empty_unknown_nan_vs_U_Mumba_none_early_zero,32,31.0
empty_unknown_nan_vs_U_Mumba_none_early_zero||empty_unknown_nan_vs_U_Mumba_none_early_zero||empty_unknown_nan_vs_U_Mumba_none_early_zero,15,29.0
empty_unknown_nan_vs_U_Mumba_none_early_zero||bonus_success_nan_vs_U_Mumba_unknown_early_zero,14,13.0
bonus_success_nan_vs_U_Mumba_unknown_early_zero||empty_unknown_nan_vs_U_Mumba_none_early_zero,12,11.0
bonus_success_nan_vs_U_Mumba_unknown_early_zero||regular_success_nan_vs_U_Mumba_none_early_single,8,7.0
regular_success_nan_vs_U_Mumba_none_early_single||empty_unknown_nan_vs_U_Mumba_none_early_zero,7,6.0
regular_success_nan_vs_U_Mumba_none_early_single||bonus_success_nan_vs_U_Mumba_unknown_early_zero,7,6.0
empty_unknown_nan_vs_U_Mumba_none_early_zero,64,-1.0
bonus_success_nan_vs_U_Mumba_unknown_early_zero,28,-1.0
regular_success_nan_vs_U_Mumba_none_early_single,23,-1.0
