pattern,support,gain
empty_unknown_nan_vs_Telugu_Titans_none_early_zero||empty_unknown_nan_vs_Telugu_Titans_none_early_zero,4,3.0
empty_unknown_nan_vs_Telugu_Titans_none_early_zero||empty_unknown_nan_vs_Telugu_Titans_none_early_zero||empty_unknown_nan_vs_Telugu_Titans_none_early_zero,2,3.0
empty_unknown_nan_vs_Telugu_Titans_none_early_zero||regular_success_nan_vs_Telugu_Titans_none_early_high||empty_unknown_nan_vs_Telugu_Titans_none_early_zero,2,3.0
empty_unknown_nan_vs_Telugu_Titans_none_early_zero||regular_success_nan_vs_Telugu_Titans_none_early_high,3,2.0
regular_success_nan_vs_Telugu_Titans_none_early_high||empty_unknown_nan_vs_Telugu_Titans_none_early_zero,2,1.0
empty_unknown_nan_vs_Telugu_Titans_none_early_zero,10,-1.0
regular_success_nan_vs_Telugu_Titans_none_early_high,3,-1.0
regular_success_nan_vs_Telugu_Titans_none_early_single,3,-1.0
bonus_success_nan_vs_Telugu_Titans_null_early_zero,2,-1.0
doordie_success_nan_vs_Telugu_Titans_none_early_single,1,-1.0
