pattern,support,gain
bonus_success_Tamil_Thalaivas_vs_Puneri_Paltan_right_cover_early_zero||doordie_success_Tamil_Thalaivas_vs_Puneri_Paltan_none_early_single,2,1.0
doordie_success_Tamil_Thalaivas_vs_Puneri_Paltan_none_early_single||doordie_unknown_Tamil_Thalaivas_vs_Puneri_Paltan_none_early_zero,2,1.0
doordie_unknown_Tamil_Thalaivas_vs_Puneri_Paltan_none_early_zero||doordie_unknown_Tamil_Thalaivas_vs_Puneri_Paltan_none_early_zero,2,1.0
bonus_success_Tamil_Thalaivas_vs_Puneri_Paltan_right_corner_early_zero||bonus_success_Tamil_Thalaivas_vs_Puneri_Paltan_right_cover_early_zero,1,0.0
doordie_success_Tamil_Thalaivas_vs_Puneri_Paltan_none_early_single||bonus_success_Tamil_Thalaivas_vs_Puneri_Paltan_right_cover_early_zero,1,0.0
doordie_success_Tamil_Thalaivas_vs_Puneri_Paltan_none_early_single,4,-1.0
doordie_unknown_Tamil_Thalaivas_vs_Puneri_Paltan_none_early_zero,4,-1.0
bonus_success_Tamil_Thalaivas_vs_Puneri_Paltan_right_cover_early_zero,2,-1.0
bonus_success_Tamil_Thalaivas_vs_Puneri_Paltan_raider_early_zero,2,-1.0
bonus_success_Tamil_Thalaivas_vs_Puneri_Paltan_right_corner_early_zero,1,-1.0
