pattern,support,gain
doordie_unknown_Telugu_Titans_vs_Dabang_Delhi_K.C._none_early_zero||doordie_unknown_Telugu_Titans_vs_Dabang_Delhi_K.C._none_early_zero||doordie_unknown_Telugu_Titans_vs_Dabang_Delhi_K.C._none_early_zero,2,3.0
doordie_unknown_Telugu_Titans_vs_Dabang_Delhi_K.C._none_early_zero||doordie_unknown_Telugu_Titans_vs_Dabang_Delhi_K.C._none_early_zero,3,2.0
bonus_success_Puneri_Paltan_vs_Dabang_Delhi_K.C._unknown_early_zero||doordie_unknown_Puneri_Paltan_vs_Dabang_Delhi_K.C._none_early_zero,2,1.0
doordie_unknown_Puneri_Paltan_vs_Dabang_Delhi_K.C._none_early_zero||bonus_success_Puneri_Paltan_vs_Dabang_Delhi_K.C._unknown_early_zero,2,1.0
bonus_success_Puneri_Paltan_vs_Dabang_Delhi_K.C._unknown_early_zero,5,-1.0
doordie_unknown_Puneri_Paltan_vs_Dabang_Delhi_K.C._none_early_zero,5,-1.0
doordie_unknown_Telugu_Titans_vs_Dabang_Delhi_K.C._none_early_zero,4,-1.0
doordie_success_Puneri_Paltan_vs_Dabang_Delhi_K.C._none_early_single,2,-1.0
empty_unknown_Puneri_Paltan_vs_Dabang_Delhi_K.C._none_early_zero,2,-1.0
allout_unknown_Puneri_Paltan_vs_Dabang_Delhi_K.C._none_early_zero,1,-1.0
