pattern,support,gain
empty_unknown_nan_vs_Haryana_Steelers_none_early_zero||regular_success_nan_vs_Haryana_Steelers_none_early_single,3,2.0
bonus_success_nan_vs_Haryana_Steelers_null_early_zero||empty_unknown_nan_vs_Haryana_Steelers_none_early_zero,2,1.0
empty_unknown_nan_vs_Haryana_Steelers_none_early_zero||empty_unknown_nan_vs_Haryana_Steelers_none_early_zero,2,1.0
regular_success_nan_vs_Haryana_Steelers_none_early_single||doordie_success_nan_vs_Haryana_Steelers_none_early_single,2,1.0
regular_success_nan_vs_Haryana_Steelers_none_early_single||empty_unknown_nan_vs_Haryana_Steelers_none_early_zero,2,1.0
empty_unknown_nan_vs_Haryana_Steelers_none_early_zero,8,-1.0
regular_success_nan_vs_Haryana_Steelers_none_early_single,7,-1.0
bonus_success_nan_vs_Haryana_Steelers_null_early_zero,4,-1.0
doordie_success_nan_vs_Haryana_Steelers_none_early_single,2,-1.0
bonus_success_nan_vs_Haryana_Steelers_nan_early_zero,2,-1.0
