pattern,support,gain
regular_success_nan_vs_Patna_Pirates_none_early_single||regular_success_nan_vs_Patna_Pirates_none_early_single,90,89.0
regular_success_nan_vs_Patna_Pirates_none_early_single||regular_success_nan_vs_Patna_Pirates_none_early_single||regular_success_nan_vs_Patna_Pirates_none_early_single,45,89.0
empty_unknown_nan_vs_Patna_Pirates_none_early_zero||regular_success_nan_vs_Patna_Pirates_none_early_single,27,26.0
regular_success_nan_vs_Patna_Pirates_none_early_single||empty_unknown_nan_vs_Patna_Pirates_none_early_zero,26,25.0
bonus_success_nan_vs_Patna_Pirates_unknown_early_zero||regular_success_nan_vs_Patna_Pirates_none_early_single,24,23.0
regular_success_nan_vs_Patna_Pirates_none_early_single||bonus_success_nan_vs_Patna_Pirates_unknown_early_zero,24,23.0
regular_success_nan_vs_Patna_Pirates_none_early_single,178,-1.0
empty_unknown_nan_vs_Patna_Pirates_none_early_zero,77,-1.0
bonus_success_nan_vs_Patna_Pirates_unknown_early_zero,60,-1.0
regular_success_nan_vs_Patna_Pirates_none_early_high,19,-1.0
