pattern,support,gain
regular_success_nan_vs_Bengal_Warriorz_none_early_single||regular_success_nan_vs_Bengal_Warriorz_none_early_single||empty_unknown_nan_vs_Bengal_Warriorz_none_early_zero,2,3.0
regular_success_nan_vs_Bengal_Warriorz_none_early_single||empty_unknown_nan_vs_Bengal_Warriorz_none_early_zero||regular_success_nan_vs_Bengal_Warriorz_none_early_single,2,3.0
regular_success_nan_vs_Bengal_Warriorz_none_early_single||bonus_success_nan_vs_Bengal_Warriorz_unknown_early_zero,3,2.0
empty_unknown_nan_vs_Bengal_Warriorz_none_early_zero||regular_success_nan_vs_Bengal_Warriorz_none_early_single,3,2.0
bonus_success_nan_vs_Bengal_Warriorz_unknown_early_zero||regular_success_nan_vs_Bengal_Warriorz_none_early_single,2,1.0
regular_success_nan_vs_Bengal_Warriorz_none_early_single||regular_success_nan_vs_Bengal_Warriorz_none_early_single,2,1.0
regular_success_nan_vs_Bengal_Warriorz_none_early_single||empty_unknown_nan_vs_Bengal_Warriorz_none_early_zero,2,1.0
regular_success_nan_vs_Bengal_Warriorz_none_early_single,8,-1.0
bonus_success_nan_vs_Bengal_Warriorz_unknown_early_zero,4,-1.0
empty_unknown_nan_vs_Bengal_Warriorz_none_early_zero,3,-1.0
