pattern,support,gain
empty_unknown_nan_vs_Puneri_Paltan_none_early_zero||regular_success_nan_vs_Puneri_Paltan_none_early_single,2,1.0
bonus_success_nan_vs_Puneri_Paltan_unknown_early_zero||empty_unknown_nan_vs_Puneri_Paltan_none_early_zero,1,0.0
regular_success_nan_vs_Puneri_Paltan_none_early_single||allout_success_nan_vs_Puneri_Paltan_none_early_high,1,0.0
allout_success_nan_vs_Puneri_Paltan_none_early_high||empty_unknown_nan_vs_Puneri_Paltan_none_early_zero,1,0.0
regular_success_nan_vs_Puneri_Paltan_none_early_single,3,-1.0
bonus_success_nan_vs_Puneri_Paltan_null_early_zero,3,-1.0
empty_unknown_nan_vs_Puneri_Paltan_none_early_zero,2,-1.0
regular_success_nan_vs_Puneri_Paltan_none_early_high,2,-1.0
bonus_success_nan_vs_Puneri_Paltan_unknown_early_zero,1,-1.0
allout_success_nan_vs_Puneri_Paltan_none_early_high,1,-1.0
