pattern,support,gain
doordie_success_Gujarat_Giants_vs_Jaipur_Pink_Panthers_none_early_single||doordie_unknown_Gujarat_Giants_vs_Jaipur_Pink_Panthers_none_early_zero||doordie_success_Gujarat_Giants_vs_Jaipur_Pink_Panthers_none_early_single,4,7.0
doordie_success_Gujarat_Giants_vs_Jaipur_Pink_Panthers_none_early_single||doordie_unknown_Gujarat_Giants_vs_Jaipur_Pink_Panthers_none_early_zero,7,6.0
doordie_unknown_Gujarat_Giants_vs_Jaipur_Pink_Panthers_none_early_zero||doordie_unknown_Gujarat_Giants_vs_Jaipur_Pink_Panthers_none_early_zero,7,6.0
doordie_unknown_Gujarat_Giants_vs_Jaipur_Pink_Panthers_none_early_zero||doordie_success_Gujarat_Giants_vs_Jaipur_Pink_Panthers_none_early_single,6,5.0
doordie_unknown_Gujarat_Giants_vs_Jaipur_Pink_Panthers_none_early_zero||doordie_unknown_Gujarat_Giants_vs_Jaipur_Pink_Panthers_none_early_zero||doordie_unknown_Gujarat_Giants_vs_Jaipur_Pink_Panthers_none_early_zero,3,5.0
doordie_success_Gujarat_Giants_vs_Jaipur_Pink_Panthers_none_early_single||doordie_success_Gujarat_Giants_vs_Jaipur_Pink_Panthers_none_early_single,5,4.0
doordie_unknown_Gujarat_Giants_vs_Jaipur_Pink_Panthers_none_early_zero,18,-1.0
doordie_success_Gujarat_Giants_vs_Jaipur_Pink_Panthers_none_early_single,16,-1.0
doordie_unknown_Bengaluru_Bulls_vs_Jaipur_Pink_Panthers_none_early_zero,6,-1.0
bonus_success_Gujarat_Giants_vs_Jaipur_Pink_Panthers_null_early_zero,3,-1.0
