pattern,support,gain
empty_unknown_Patna_Pirates_vs_Gujarat_Giants_none_early_zero||empty_unknown_Patna_Pirates_vs_Gujarat_Giants_none_early_zero||empty_unknown_Patna_Pirates_vs_Gujarat_Giants_none_early_zero||empty_unknown_Patna_Pirates_vs_Gujarat_Giants_none_early_zero,4,11.0
empty_unknown_Patna_Pirates_vs_Gujarat_Giants_none_early_zero||empty_unknown_Patna_Pirates_vs_Gujarat_Giants_none_early_zero||empty_unknown_Patna_Pirates_vs_Gujarat_Giants_none_early_zero,5,9.0
empty_unknown_Patna_Pirates_vs_Gujarat_Giants_none_early_zero||empty_unknown_Patna_Pirates_vs_Gujarat_Giants_none_early_zero,8,7.0
empty_unknown_Patna_Pirates_vs_Gujarat_Giants_none_early_zero||regular_success_Patna_Pirates_vs_Gujarat_Giants_none_early_single,2,1.0
regular_success_Patna_Pirates_vs_Gujarat_Giants_none_early_single||empty_unknown_Patna_Pirates_vs_Gujarat_Giants_none_early_zero,2,1.0
empty_unknown_Patna_Pirates_vs_Gujarat_Giants_none_early_zero,14,-1.0
doordie_unknown_U_Mumba_vs_Gujarat_Giants_none_early_zero,3,-1.0
doordie_success_U_Mumba_vs_Gujarat_Giants_none_early_single,2,-1.0
regular_success_Patna_Pirates_vs_Gujarat_Giants_none_early_single,2,-1.0
bonus_success_Patna_Pirates_vs_Gujarat_Giants_unknown_early_zero,2,-1.0
