pattern,support,gain
bonus_success_nan_vs_Haryana_Steelers_unknown_early_zero||empty_unknown_nan_vs_Haryana_Steelers_none_early_zero,4,3.0
empty_unknown_nan_vs_Haryana_Steelers_none_early_zero||regular_success_nan_vs_Haryana_Steelers_none_early_high,3,2.0
regular_success_nan_vs_Haryana_Steelers_none_early_high||regular_success_nan_vs_Haryana_Steelers_none_early_single,3,2.0
empty_unknown_nan_vs_Haryana_Steelers_none_early_zero||bonus_success_nan_vs_Haryana_Steelers_unknown_early_zero,2,1.0
empty_unknown_nan_vs_Haryana_Steelers_none_early_zero||empty_unknown_nan_vs_Haryana_Steelers_none_early_zero,2,1.0
regular_success_nan_vs_Haryana_Steelers_none_early_single||regular_success_nan_vs_Haryana_Steelers_none_early_single,2,1.0
empty_unknown_nan_vs_Haryana_Steelers_none_early_zero,8,-1.0
regular_success_nan_vs_Haryana_Steelers_none_early_single,6,-1.0
regular_success_nan_vs_Haryana_Steelers_none_early_high,4,-1.0
bonus_success_nan_vs_Haryana_Steelers_unknown_early_zero,4,-1.0
