pattern,support,gain
empty_unknown_nan_vs_Gujarat_Giants_none_early_zero||bonus_success_nan_vs_Gujarat_Giants_unknown_early_zero,4,3.0
regular_success_nan_vs_Gujarat_Giants_none_early_single||regular_success_nan_vs_Gujarat_Giants_none_early_single,3,2.0
empty_unknown_nan_vs_Gujarat_Giants_none_early_zero||regular_success_nan_vs_Gujarat_Giants_none_early_single,2,1.0
regular_success_nan_vs_Gujarat_Giants_none_early_single||empty_unknown_nan_vs_Gujarat_Giants_none_early_zero,2,1.0
bonus_success_nan_vs_Gujarat_Giants_unknown_early_zero||empty_unknown_nan_vs_Gujarat_Giants_none_early_zero,2,1.0
empty_unknown_nan_vs_Gujarat_Giants_none_early_zero,7,-1.0
regular_success_nan_vs_Gujarat_Giants_none_early_single,6,-1.0
bonus_success_nan_vs_Gujarat_Giants_unknown_early_zero,5,-1.0
bonus_success_nan_vs_Gujarat_Giants_left_corner_early_zero,2,-1.0
bonus_success_nan_vs_Gujarat_Giants_null_early_zero,2,-1.0
