pattern,support,gain
doordie_success_Telugu_Titans_vs_Bengal_Warriors_none_early_single||doordie_unknown_Telugu_Titans_vs_Bengal_Warriors_none_early_zero,2,1.0
doordie_success_Telugu_Titans_vs_Bengal_Warriors_none_early_single||bonus_success_Telugu_Titans_vs_Bengal_Warriors_left_corner_early_zero,1,0.0
bonus_success_Telugu_Titans_vs_Bengal_Warriors_left_corner_early_zero||doordie_unknown_Telugu_Titans_vs_Bengal_Warriors_none_early_zero,1,0.0
doordie_success_Telugu_Titans_vs_Bengal_Warriors_none_early_single,6,-1.0
doordie_unknown_Telugu_Titans_vs_Bengal_Warriors_none_early_zero,4,-1.0
bonus_success_Telugu_Titans_vs_Bengal_Warriors_left_corner_early_zero,1,-1.0
bonus_success_Telugu_Titans_vs_Bengal_Warriors_left_cover_early_zero,1,-1.0
allout_success_Telugu_Titans_vs_Bengal_Warriors_none_early_high,1,-1.0
bonus_success_Telugu_Titans_vs_Bengal_Warriors_none_early_zero,1,-1.0
doordie_success_Telugu_Titans_vs_Bengal_Warriors_none_early_high,1,-1.0
