pattern,support,gain
doordie_unknown_U_Mumba_vs_Bengal_Warriors_none_early_zero||doordie_success_U_Mumba_vs_Bengal_Warriors_none_early_single,3,2.0
doordie_success_U_Mumba_vs_Bengal_Warriors_none_early_single||doordie_unknown_U_Mumba_vs_Bengal_Warriors_none_early_zero,2,1.0
bonus_success_Puneri_Paltan_vs_Bengal_Warriors_right_corner_early_zero||doordie_unknown_Puneri_Paltan_vs_Bengal_Warriors_none_early_zero,1,0.0
doordie_unknown_Puneri_Paltan_vs_Bengal_Warriors_none_early_zero||doordie_success_Puneri_Paltan_vs_Bengal_Warriors_none_early_single,1,0.0
doordie_unknown_U_Mumba_vs_Bengal_Warriors_none_early_zero,5,-1.0
doordie_success_U_Mumba_vs_Bengal_Warriors_none_early_single,4,-1.0
bonus_success_Puneri_Paltan_vs_Bengal_Warriors_right_corner_early_zero,1,-1.0
doordie_unknown_Puneri_Paltan_vs_Bengal_Warriors_none_early_zero,1,-1.0
doordie_success_Puneri_Paltan_vs_Bengal_Warriors_none_early_single,1,-1.0
bonus_success_U_Mumba_vs_Bengal_Warriors_none_early_zero,1,-1.0
