pattern,support,gain
bonus_success_Dabang_Delhi_vs_Gujarat_Giants_unknown_early_zero||regular_success_Dabang_Delhi_vs_Gujarat_Giants_none_early_single||empty_unknown_Dabang_Delhi_vs_Gujarat_Giants_none_early_zero,2,3.0
bonus_success_Dabang_Delhi_vs_Gujarat_Giants_unknown_early_zero||regular_success_Dabang_Delhi_vs_Gujarat_Giants_none_early_single,3,2.0
bonus_success_Dabang_Delhi_vs_Gujarat_Giants_unknown_early_zero||empty_unknown_Dabang_Delhi_vs_Gujarat_Giants_none_early_zero,3,2.0
empty_unknown_Dabang_Delhi_vs_Gujarat_Giants_none_early_zero||empty_unknown_Dabang_Delhi_vs_Gujarat_Giants_none_early_zero,3,2.0
regular_success_Dabang_Delhi_vs_Gujarat_Giants_none_early_single||empty_unknown_Dabang_Delhi_vs_Gujarat_Giants_none_early_zero,2,1.0
empty_unknown_Dabang_Delhi_vs_Gujarat_Giants_none_early_zero||bonus_success_Dabang_Delhi_vs_Gujarat_Giants_unknown_early_zero,2,1.0
regular_success_Dabang_Delhi_vs_Gujarat_Giants_none_early_single||bonus_success_Dabang_Delhi_vs_Gujarat_Giants_unknown_early_zero,2,1.0
empty_unknown_Dabang_Delhi_vs_Gujarat_Giants_none_early_zero,8,-1.0
bonus_success_Dabang_Delhi_vs_Gujarat_Giants_unknown_early_zero,7,-1.0
regular_success_Dabang_Delhi_vs_Gujarat_Giants_none_early_single,5,-1.0
