pattern,support,gain
doordie_success_Dabang_Delhi_vs_Bengaluru_Bulls_none_early_single||regular_unknown_Dabang_Delhi_vs_Bengaluru_Bulls_none_early_zero,1,0.0
regular_unknown_Dabang_Delhi_vs_Bengaluru_Bulls_none_early_zero||bonus_success_Dabang_Delhi_vs_Bengaluru_Bulls_unknown_early_zero,1,0.0
bonus_success_Dabang_Delhi_vs_Bengaluru_Bulls_unknown_early_zero||empty_unknown_Dabang_Delhi_vs_Bengaluru_Bulls_none_early_zero,1,0.0
empty_unknown_Dabang_Delhi_vs_Bengaluru_Bulls_none_early_zero||doordie_success_Dabang_Delhi_vs_Bengaluru_Bulls_none_early_single,1,0.0
bonus_success_Dabang_Delhi_vs_Bengaluru_Bulls_unknown_early_zero,3,-1.0
doordie_success_Dabang_Delhi_vs_Bengaluru_Bulls_none_early_single,2,-1.0
empty_unknown_Dabang_Delhi_vs_Bengaluru_Bulls_none_early_zero,2,-1.0
regular_unknown_Dabang_Delhi_vs_Bengaluru_Bulls_none_early_zero,1,-1.0
regular_success_Dabang_Delhi_vs_Bengaluru_Bulls_none_early_high,1,-1.0
regular_success_Dabang_Delhi_vs_Bengaluru_Bulls_none_early_single,1,-1.0
