pattern,support,gain
empty_unknown_nan_vs_Jaipur_Pink_Panthers_none_early_zero||empty_unknown_nan_vs_Jaipur_Pink_Panthers_none_early_zero||empty_unknown_nan_vs_Jaipur_Pink_Panthers_none_early_zero,3,5.0
empty_unknown_nan_vs_Jaipur_Pink_Panthers_none_early_zero||empty_unknown_nan_vs_Jaipur_Pink_Panthers_none_early_zero||empty_unknown_nan_vs_Jaipur_Pink_Panthers_none_early_zero||empty_unknown_nan_vs_Jaipur_Pink_Panthers_none_early_zero,2,5.0
empty_unknown_nan_vs_Jaipur_Pink_Panthers_none_early_zero||empty_unknown_nan_vs_Jaipur_Pink_Panthers_none_early_zero,4,3.0
empty_unknown_nan_vs_Jaipur_Pink_Panthers_none_early_zero||regular_success_nan_vs_Jaipur_Pink_Panthers_none_early_single,2,1.0
regular_success_nan_vs_Jaipur_Pink_Panthers_none_early_single||empty_unknown_nan_vs_Jaipur_Pink_Panthers_none_early_zero,1,0.0
empty_unknown_nan_vs_Jaipur_Pink_Panthers_none_early_zero||bonus_success_nan_vs_Jaipur_Pink_Panthers_null_early_zero,1,0.0
bonus_success_nan_vs_Jaipur_Pink_Panthers_null_early_zero||empty_unknown_nan_vs_Jaipur_Pink_Panthers_none_early_zero,1,0.0
empty_unknown_nan_vs_Jaipur_Pink_Panthers_none_early_zero,7,-1.0
regular_success_nan_vs_Jaipur_Pink_Panthers_none_early_single,2,-1.0
bonus_success_nan_vs_Jaipur_Pink_Panthers_null_early_zero,1,-1.0
