pattern,support,gain
regular_success_nan_vs_Puneri_Paltan_none_early_single||regular_success_nan_vs_Puneri_Paltan_none_early_single||regular_success_nan_vs_Puneri_Paltan_none_early_single,2,3.0
regular_success_nan_vs_Puneri_Paltan_none_early_single||regular_success_nan_vs_Puneri_Paltan_none_early_single,3,2.0
bonus_success_nan_vs_Puneri_Paltan_unknown_early_zero||regular_success_nan_vs_Puneri_Paltan_none_early_single,2,1.0
regular_success_nan_vs_Puneri_Paltan_none_early_single||bonus_success_nan_vs_Puneri_Paltan_unknown_early_zero,2,1.0
empty_unknown_nan_vs_Puneri_Paltan_none_early_zero||bonus_success_nan_vs_Puneri_Paltan_right_corner_early_zero,2,1.0
regular_success_nan_vs_Puneri_Paltan_none_early_single,7,-1.0
bonus_success_nan_vs_Puneri_Paltan_unknown_early_zero,4,-1.0
empty_unknown_nan_vs_Puneri_Paltan_none_early_zero,4,-1.0
bonus_success_nan_vs_Puneri_Paltan_right_corner_early_zero,2,-1.0
doordie_success_nan_vs_Puneri_Paltan_none_early_single,1,-1.0
