pattern,support,gain
empty_unknown_nan_vs_Bengal_Warriorz_none_early_zero||empty_unknown_nan_vs_Bengal_Warriorz_none_early_zero||regular_success_nan_vs_Bengal_Warriorz_none_early_single||regular_success_nan_vs_Bengal_Warriorz_none_early_single,2,5.0
empty_unknown_nan_vs_Bengal_Warriorz_none_early_zero||empty_unknown_nan_vs_Bengal_Warriorz_none_early_zero||regular_success_nan_vs_Bengal_Warriorz_none_early_single,2,3.0
empty_unknown_nan_vs_Bengal_Warriorz_none_early_zero||regular_success_nan_vs_Bengal_Warriorz_none_early_single||regular_success_nan_vs_Bengal_Warriorz_none_early_single,2,3.0
regular_success_nan_vs_Bengal_Warriorz_none_early_single||regular_success_nan_vs_Bengal_Warriorz_none_early_single||empty_unknown_nan_vs_Bengal_Warriorz_none_early_zero,2,3.0
empty_unknown_nan_vs_Bengal_Warriorz_none_early_zero||empty_unknown_nan_vs_Bengal_Warriorz_none_early_zero,3,2.0
empty_unknown_nan_vs_Bengal_Warriorz_none_early_zero||regular_success_nan_vs_Bengal_Warriorz_none_early_single,3,2.0
regular_success_nan_vs_Bengal_Warriorz_none_early_single||regular_success_nan_vs_Bengal_Warriorz_none_early_single,3,2.0
regular_success_nan_vs_Bengal_Warriorz_none_early_single||empty_unknown_nan_vs_Bengal_Warriorz_none_early_zero,2,1.0
empty_unknown_nan_vs_Bengal_Warriorz_none_early_zero,6,-1.0
regular_success_nan_vs_Bengal_Warriorz_none_early_single,6,-1.0
