pattern,support,gain
doordie_unknown_Haryana_Steelers_vs_Dabang_Delhi_K.C._none_early_zero||doordie_unknown_Haryana_Steelers_vs_Dabang_Delhi_K.C._none_early_zero,4,3.0
doordie_unknown_Haryana_Steelers_vs_Dabang_Delhi_K.C._none_early_zero||doordie_success_Haryana_Steelers_vs_Dabang_Delhi_K.C._none_early_single,4,3.0
doordie_success_Haryana_Steelers_vs_Dabang_Delhi_K.C._none_early_single||bonus_success_Haryana_Steelers_vs_Dabang_Delhi_K.C._unknown_early_zero,4,3.0
doordie_success_Haryana_Steelers_vs_Dabang_Delhi_K.C._none_early_single||doordie_success_Haryana_Steelers_vs_Dabang_Delhi_K.C._none_early_single,3,2.0
bonus_success_Haryana_Steelers_vs_Dabang_Delhi_K.C._unknown_early_zero||doordie_unknown_Haryana_Steelers_vs_Dabang_Delhi_K.C._none_early_zero,2,1.0
bonus_success_Haryana_Steelers_vs_Dabang_Delhi_K.C._unknown_early_zero||doordie_success_Haryana_Steelers_vs_Dabang_Delhi_K.C._none_early_single,2,1.0
doordie_success_Haryana_Steelers_vs_Dabang_Delhi_K.C._none_early_single||doordie_unknown_Haryana_Steelers_vs_Dabang_Delhi_K.C._none_early_zero,2,1.0
doordie_success_Haryana_Steelers_vs_Dabang_Delhi_K.C._none_early_single,10,-1.0
doordie_unknown_Haryana_Steelers_vs_Dabang_Delhi_K.C._none_early_zero,9,-1.0
bonus_success_Haryana_Steelers_vs_Dabang_Delhi_K.C._unknown_early_zero,6,-1.0
