pattern,support,gain
bonus_success_nan_vs_Tamil_Thalaivas_null_early_zero||regular_success_nan_vs_Tamil_Thalaivas_none_early_single||regular_success_nan_vs_Tamil_Thalaivas_none_early_single,3,5.0
bonus_success_nan_vs_Tamil_Thalaivas_null_early_zero||regular_success_nan_vs_Tamil_Thalaivas_none_early_single,4,3.0
regular_success_nan_vs_Tamil_Thalaivas_none_early_single||regular_success_nan_vs_Tamil_Thalaivas_none_early_single,4,3.0
empty_unknown_nan_vs_Tamil_Thalaivas_none_early_zero||regular_success_nan_vs_Tamil_Thalaivas_none_early_single,3,2.0
regular_success_nan_vs_Tamil_Thalaivas_none_early_single||bonus_success_nan_vs_Tamil_Thalaivas_null_early_zero,2,1.0
regular_success_nan_vs_Tamil_Thalaivas_none_early_single,12,-1.0
empty_unknown_nan_vs_Tamil_Thalaivas_none_early_zero,10,-1.0
bonus_success_nan_vs_Tamil_Thalaivas_null_early_zero,5,-1.0
doordie_success_nan_vs_Tamil_Thalaivas_none_early_single,3,-1.0
bonus_success_nan_vs_Tamil_Thalaivas_unknown_early_zero,3,-1.0
