pattern,support,gain
empty_unknown_nan_vs_Jaipur_Pink_Panthers_none_early_zero||regular_success_nan_vs_Jaipur_Pink_Panthers_none_early_single||empty_unknown_nan_vs_Jaipur_Pink_Panthers_none_early_zero,5,9.0
empty_unknown_nan_vs_Jaipur_Pink_Panthers_none_early_zero||regular_success_nan_vs_Jaipur_Pink_Panthers_none_early_single,9,8.0
regular_success_nan_vs_Jaipur_Pink_Panthers_none_early_single||empty_unknown_nan_vs_Jaipur_Pink_Panthers_none_early_zero,8,7.0
bonus_success_nan_vs_Jaipur_Pink_Panthers_null_early_zero||empty_unknown_nan_vs_Jaipur_Pink_Panthers_none_early_zero,6,5.0
regular_success_nan_vs_Jaipur_Pink_Panthers_none_early_single||regular_success_nan_vs_Jaipur_Pink_Panthers_none_early_single,4,3.0
empty_unknown_nan_vs_Jaipur_Pink_Panthers_none_early_zero||bonus_success_nan_vs_Jaipur_Pink_Panthers_null_early_zero,4,3.0
empty_unknown_nan_vs_Jaipur_Pink_Panthers_none_early_zero,21,-1.0
regular_success_nan_vs_Jaipur_Pink_Panthers_none_early_single,17,-1.0
bonus_success_nan_vs_Jaipur_Pink_Panthers_null_early_zero,12,-1.0
regular_success_nan_vs_Jaipur_Pink_Panthers_none_early_high,5,-1.0
