pattern,support,gain
doordie_unknown_Tamil_Thalaivas_vs_Bengal_Warriors_none_early_zero||doordie_unknown_Tamil_Thalaivas_vs_Bengal_Warriors_none_early_zero,18,17.0
doordie_unknown_Tamil_Thalaivas_vs_Bengal_Warriors_none_early_zero||doordie_unknown_Tamil_Thalaivas_vs_Bengal_Warriors_none_early_zero||doordie_success_Tamil_Thalaivas_vs_Bengal_Warriors_none_early_single,8,15.0
doordie_unknown_Tamil_Thalaivas_vs_Bengal_Warriors_none_early_zero||doordie_unknown_Tamil_Thalaivas_vs_Bengal_Warriors_none_early_zero||doordie_unknown_Tamil_Thalaivas_vs_Bengal_Warriors_none_early_zero,7,13.0
doordie_success_Tamil_Thalaivas_vs_Bengal_Warriors_none_early_single||doordie_unknown_Tamil_Thalaivas_vs_Bengal_Warriors_none_early_zero||doordie_unknown_Tamil_Thalaivas_vs_Bengal_Warriors_none_early_zero,7,13.0
doordie_unknown_Tamil_Thalaivas_vs_Bengal_Warriors_none_early_zero||doordie_success_Tamil_Thalaivas_vs_Bengal_Warriors_none_early_single,10,9.0
doordie_success_Tamil_Thalaivas_vs_Bengal_Warriors_none_early_single||doordie_unknown_Tamil_Thalaivas_vs_Bengal_Warriors_none_early_zero,8,7.0
doordie_success_Tamil_Thalaivas_vs_Bengal_Warriors_none_early_single||doordie_success_Tamil_Thalaivas_vs_Bengal_Warriors_none_early_single,5,4.0
doordie_unknown_Tamil_Thalaivas_vs_Bengal_Warriors_none_early_zero,32,-1.0
doordie_success_Tamil_Thalaivas_vs_Bengal_Warriors_none_early_single,22,-1.0
bonus_success_Tamil_Thalaivas_vs_Bengal_Warriors_right_cover_early_zero,6,-1.0
