pattern,support,gain
doordie_unknown_U_Mumba_vs_Bengaluru_Bulls_none_early_zero||doordie_unknown_U_Mumba_vs_Bengaluru_Bulls_none_early_zero||doordie_unknown_U_Mumba_vs_Bengaluru_Bulls_none_early_zero,2,3.0
doordie_unknown_U_Mumba_vs_Bengaluru_Bulls_none_early_zero||doordie_unknown_U_Mumba_vs_Bengaluru_Bulls_none_early_zero,3,2.0
doordie_unknown_U_Mumba_vs_Bengaluru_Bulls_none_early_zero||bonus_success_U_Mumba_vs_Bengaluru_Bulls_null_early_zero,2,1.0
doordie_success_U_Mumba_vs_Bengaluru_Bulls_none_early_single||doordie_unknown_U_Mumba_vs_Bengaluru_Bulls_none_early_zero,1,0.0
doordie_unknown_U_Mumba_vs_Bengaluru_Bulls_none_early_zero,5,-1.0
bonus_success_U_Mumba_vs_Bengaluru_Bulls_null_early_zero,2,-1.0
doordie_success_U_Mumba_vs_Bengaluru_Bulls_none_early_single,1,-1.0
bonus_success_Bengal_Warriors_vs_Bengaluru_Bulls_none_early_zero,1,-1.0
doordie_success_Bengal_Warriors_vs_Bengaluru_Bulls_none_early_single,1,-1.0
doordie_unknown_Bengal_Warriors_vs_Bengaluru_Bulls_none_early_zero,1,-1.0
