pattern,support,gain
doordie_unknown_Bengal_Warriors_vs_Tamil_Thalaivas_none_early_zero||doordie_unknown_Bengal_Warriors_vs_Tamil_Thalaivas_none_early_zero||doordie_unknown_Bengal_Warriors_vs_Tamil_Thalaivas_none_early_zero||doordie_unknown_Bengal_Warriors_vs_Tamil_Thalaivas_none_early_zero,6,17.0
doordie_unknown_Bengal_Warriors_vs_Tamil_Thalaivas_none_early_zero||doordie_unknown_Bengal_Warriors_vs_Tamil_Thalaivas_none_early_zero||doordie_unknown_Bengal_Warriors_vs_Tamil_Thalaivas_none_early_zero,8,15.0
doordie_unknown_Bengal_Warriors_vs_Tamil_Thalaivas_none_early_zero||doordie_unknown_Bengal_Warriors_vs_Tamil_Thalaivas_none_early_zero,14,13.0
doordie_success_Bengal_Warriors_vs_Tamil_Thalaivas_none_early_single||doordie_unknown_Bengal_Warriors_vs_Tamil_Thalaivas_none_early_zero||doordie_unknown_Bengal_Warriors_vs_Tamil_Thalaivas_none_early_zero,5,9.0
doordie_success_Bengal_Warriors_vs_Tamil_Thalaivas_none_early_single||doordie_unknown_Bengal_Warriors_vs_Tamil_Thalaivas_none_early_zero,6,5.0
doordie_unknown_Bengal_Warriors_vs_Tamil_Thalaivas_none_early_zero||doordie_success_Bengal_Warriors_vs_Tamil_Thalaivas_none_early_single,5,4.0
doordie_unknown_Bengal_Warriors_vs_Tamil_Thalaivas_none_early_zero,23,-1.0
doordie_success_Bengal_Warriors_vs_Tamil_Thalaivas_none_early_single,13,-1.0
bonus_success_Bengal_Warriors_vs_Tamil_Thalaivas_null_early_zero,4,-1.0
empty_unknown_Bengal_Warriors_vs_Tamil_Thalaivas_none_early_zero,4,-1.0
