pattern,support,gain
empty_unknown_Puneri_Paltan_vs_U_Mumba_none_early_zero||empty_unknown_Puneri_Paltan_vs_U_Mumba_none_early_zero||empty_unknown_Puneri_Paltan_vs_U_Mumba_none_early_zero||empty_unknown_Puneri_Paltan_vs_U_Mumba_none_early_zero,4,11.0
empty_unknown_Puneri_Paltan_vs_U_Mumba_none_early_zero||empty_unknown_Puneri_Paltan_vs_U_Mumba_none_early_zero||empty_unknown_Puneri_Paltan_vs_U_Mumba_none_early_zero,5,9.0
empty_unknown_Puneri_Paltan_vs_U_Mumba_none_early_zero||empty_unknown_Puneri_Paltan_vs_U_Mumba_none_early_zero,8,7.0
empty_unknown_Puneri_Paltan_vs_U_Mumba_none_early_zero||bonus_success_Puneri_Paltan_vs_U_Mumba_unknown_early_zero,2,1.0
empty_unknown_Puneri_Paltan_vs_U_Mumba_none_early_zero||regular_success_Puneri_Paltan_vs_U_Mumba_none_early_single,2,1.0
empty_unknown_Puneri_Paltan_vs_U_Mumba_none_early_zero,13,-1.0
bonus_success_Puneri_Paltan_vs_U_Mumba_unknown_early_zero,7,-1.0
regular_success_Puneri_Paltan_vs_U_Mumba_none_early_single,5,-1.0
doordie_success_Puneri_Paltan_vs_U_Mumba_none_early_single,3,-1.0
bonus_success_Puneri_Paltan_vs_U_Mumba_null_early_zero,3,-1.0
