pattern,support,gain
doordie_unknown_Telugu_Titans_vs_Bengaluru_Bulls_none_early_zero||doordie_unknown_Telugu_Titans_vs_Bengaluru_Bulls_none_early_zero,3,2.0
bonus_success_Telugu_Titans_vs_Bengaluru_Bulls_null_early_zero||doordie_unknown_Telugu_Titans_vs_Bengaluru_Bulls_none_early_zero,2,1.0
doordie_unknown_Telugu_Titans_vs_Bengaluru_Bulls_none_early_zero,8,-1.0
bonus_success_Telugu_Titans_vs_Bengaluru_Bulls_null_early_zero,3,-1.0
bonus_success_Telugu_Titans_vs_Bengaluru_Bulls_raider_early_zero,2,-1.0
bonus_success_Telugu_Titans_vs_Bengaluru_Bulls_nan_early_zero,1,-1.0
doordie_success_Telugu_Titans_vs_Bengaluru_Bulls_none_early_single,1,-1.0
doordie_success_Telugu_Titans_vs_Bengaluru_Bulls_none_early_high,1,-1.0
bonus_success_Telugu_Titans_vs_Bengaluru_Bulls_left_corner_early_zero,1,-1.0
bonus_success_Telugu_Titans_vs_Bengaluru_Bulls_right_cover_early_zero,1,-1.0
