pattern,support,gain
regular_success_nan_vs_Haryana_Steelers_none_early_single||empty_unknown_nan_vs_Haryana_Steelers_none_early_zero,3,2.0
empty_unknown_nan_vs_Haryana_Steelers_none_early_zero||bonus_success_nan_vs_Haryana_Steelers_unknown_early_zero,2,1.0
bonus_success_nan_vs_Haryana_Steelers_unknown_early_zero||regular_success_nan_vs_Haryana_Steelers_none_early_single,2,1.0
empty_unknown_nan_vs_Haryana_Steelers_none_early_zero,5,-1.0
regular_success_nan_vs_Haryana_Steelers_none_early_single,4,-1.0
bonus_success_nan_vs_Haryana_Steelers_unknown_early_zero,3,-1.0
regular_success_nan_vs_Haryana_Steelers_none_early_high,3,-1.0
bonus_success_nan_vs_Haryana_Steelers_null_early_zero,2,-1.0
allout_success_nan_vs_Haryana_Steelers_none_early_single,1,-1.0
doordie_success_nan_vs_Haryana_Steelers_none_early_single,1,-1.0
