pattern,support,gain
doordie_success_Bengal_Warriors_vs_U.P._Yoddha_none_early_single||doordie_unknown_Bengal_Warriors_vs_U.P._Yoddha_none_early_zero,2,1.0
doordie_unknown_Jaipur_Pink_Panthers_vs_U.P._Yoddha_none_early_zero||bonus_success_Bengal_Warriors_vs_U.P._Yoddha_null_early_zero,1,0.0
bonus_success_Bengal_Warriors_vs_U.P._Yoddha_null_early_zero||doordie_unknown_Bengal_Warriors_vs_U.P._Yoddha_none_early_zero,1,0.0
doordie_unknown_Bengal_Warriors_vs_U.P._Yoddha_none_early_zero,5,-1.0
doordie_success_Bengal_Warriors_vs_U.P._Yoddha_none_early_single,2,-1.0
doordie_unknown_Jaipur_Pink_Panthers_vs_U.P._Yoddha_none_early_zero,1,-1.0
bonus_success_Bengal_Warriors_vs_U.P._Yoddha_null_early_zero,1,-1.0
bonus_success_Bengal_Warriors_vs_U.P._Yoddha_defender_early_zero,1,-1.0
bonus_success_Bengal_Warriors_vs_U.P._Yoddha_all_rounder_early_zero,1,-1.0
doordie_success_Bengal_Warriors_vs_U.P._Yoddha_none_early_high,1,-1.0
