pattern,support,gain
bonus_success_U.P._Yoddha_vs_Gujarat_Fortunegiants_unknown_early_zero||doordie_unknown_U.P._Yoddha_vs_Gujarat_Fortunegiants_none_early_zero,2,1.0
doordie_unknown_U.P._Yoddha_vs_Gujarat_Fortunegiants_none_early_zero||bonus_success_U.P._Yoddha_vs_Gujarat_Fortunegiants_unknown_early_zero,2,1.0
doordie_unknown_U.P._Yoddha_vs_Gujarat_Fortunegiants_none_early_zero||doordie_unknown_U.P._Yoddha_vs_Gujarat_Fortunegiants_none_early_zero,2,1.0
doordie_success_U.P._Yoddha_vs_Gujarat_Fortunegiants_none_early_single||doordie_unknown_U.P._Yoddha_vs_Gujarat_Fortunegiants_none_early_zero,2,1.0
doordie_unknown_U.P._Yoddha_vs_Gujarat_Fortunegiants_none_early_zero||doordie_success_U.P._Yoddha_vs_Gujarat_Fortunegiants_none_early_single,1,0.0
bonus_success_U.P._Yoddha_vs_Gujarat_Fortunegiants_unknown_early_zero||doordie_success_U.P._Yoddha_vs_Gujarat_Fortunegiants_none_early_single,1,0.0
doordie_success_U.P._Yoddha_vs_Gujarat_Fortunegiants_none_early_single||doordie_success_U.P._Yoddha_vs_Gujarat_Fortunegiants_none_early_single,1,0.0
doordie_unknown_U.P._Yoddha_vs_Gujarat_Fortunegiants_none_early_zero,6,-1.0
bonus_success_U.P._Yoddha_vs_Gujarat_Fortunegiants_unknown_early_zero,3,-1.0
doordie_success_U.P._Yoddha_vs_Gujarat_Fortunegiants_none_early_single,3,-1.0
